{"stats":{"minecraft:killed":{"jujutsucraft:cursed_spirit_grade_32":3,"jujutsucraft:cursed_spirit_grade_39":5,"jujutsucraft:cursed_spirit_grade_31":1,"jujutsucraft:cursed_spirit_grade_33":2,"jujutsucraft:cursed_spirit_grade_313":1,"alexsmobs:lobster":5,"jujutsucraft:cursed_spirit_grade_314":2,"jujutsucraft:cursed_spirit_grade_310":1,"minecraft:salmon":1,"jujutsucraft:cursed_spirit_grade_36":5,"minecraft:rabbit":2,"alexsmobs:fly":1,"minecraft:cod":1,"jujutsucraft:cursed_spirit_grade_34":1,"jujutsucraft:cursed_spirit_grade_38":2,"jujutsucraft:cursed_spirit_grade_318":6,"jujutsucraft:cursed_spirit_grade_317":8,"jujutsucraft:cursed_spirit_grade_315":4,"minecraft:turtle":5},"minecraft:used":{"minecraft:spruce_boat":1,"jujutsucraft:sword_black":2,"minecraft:dirt":7,"minecraft:sand":10,"minecraft:crafting_table":1},"minecraft:custom":{"minecraft:time_since_rest":45401,"minecraft:sprint_one_cm":45716,"minecraft:damage_taken":1831,"minecraft:walk_one_cm":54222,"minecraft:mob_kills":58,"minecraft:drop":4,"minecraft:damage_dealt":272,"minecraft:swim_one_cm":3197,"minecraft:interact_with_crafting_table":1,"minecraft:fly_one_cm":131327,"minecraft:play_time":49105,"minecraft:deaths":3,"minecraft:sneak_time":8,"minecraft:walk_under_water_one_cm":1094,"minecraft:boat_one_cm":169110,"minecraft:damage_dealt_resisted":4584,"minecraft:jump":382,"minecraft:leave_game":1,"minecraft:time_since_death":45378,"minecraft:walk_on_water_one_cm":6689,"minecraft:total_world_time":49105,"minecraft:damage_resisted":174,"minecraft:fall_one_cm":9152},"minecraft:mined":{"minecraft:sweet_berry_bush":1,"minecraft:spruce_log":7,"minecraft:crafting_table":1,"minecraft:grass_block":3,"minecraft:sand":10,"minecraft:dirt":5,"minecraft:spruce_leaves":3},"minecraft:crafted":{"minecraft:crafting_table":1,"minecraft:spruce_planks":28,"minecraft:spruce_boat":1},"minecraft:picked_up":{"jujutsucraft:hair_fushiguro_megumi_helmet":2,"minecraft:crafting_table":1,"minecraft:sweet_berries":2,"jujutsucraft:uniform_normal_boots":2,"minecraft:sand":10,"jujutsucraft:uniform_normal_chestplate":2,"minecraft:spruce_log":7,"alexsmobs:animal_dictionary":1,"minecraft:dirt":8,"jujutsucraft:uniform_normal_leggings":2,"jujutsucraft:sword_black":2},"minecraft:killed_by":{"minecraft:player":1,"jujutsucraft:cursed_spirit_grade_315":1,"jujutsucraft:cursed_spirit_grade_23":1},"minecraft:dropped":{"minecraft:sweet_berries":2,"alexsmobs:animal_dictionary":2}},"DataVersion":3465}