{"stats":{"minecraft:dropped":{"minecraft:snow":2,"minecraft:dirt":1,"minecraft:vine":2,"jujutsucraft:uniform_normal_leggings":1,"alexsmobs:cockroach_wing_fragment":1,"alexsmobs:animal_dictionary":1,"minecraft:white_banner":2,"jujutsucraft:uniform_normal_boots":1,"jujutsucraft:uniform_normal_chestplate":1},"minecraft:killed":{"jujutsucraft:cursed_spirit_grade_31":2,"jujutsucraft:cursed_spirit_grade_314":2,"jujutsucraft:entity_scissors":8,"jujutsucraft:nue":1,"minecraft:salmon":15,"jujutsucraft:toad":2,"jujutsucraft:cursed_spirit_grade_36":4,"alexsmobs:fly":3,"jujutsucraft:cursed_spirit_grade_35":1,"jujutsucraft:cursed_spirit_grade_34":6,"jujutsucraft:cursed_spirit_grade_318":2,"jujutsucraft:cursed_spirit_grade_315":1,"jujutsucraft:cursed_spirit_grade_316":1,"minecraft:squid":1},"minecraft:mined":{"minecraft:light_gray_stained_glass_pane":2,"minecraft:vine":1},"minecraft:picked_up":{"jujutsucraft:hair_fushiguro_megumi_helmet":2,"minecraft:birch_door":1,"minecraft:salmon":4,"minecraft:white_bed":1,"minecraft:vine":2,"minecraft:dirt":1,"minecraft:white_banner":2,"minecraft:snow":2,"alexsmobs:cockroach_wing_fragment":1,"jujutsucraft:sword_black":2},"minecraft:custom":{"minecraft:time_since_rest":320,"minecraft:sprint_one_cm":32072,"minecraft:damage_taken":2979,"minecraft:walk_one_cm":61895,"minecraft:mob_kills":57,"minecraft:drop":12,"minecraft:damage_dealt":445,"minecraft:swim_one_cm":329,"minecraft:fly_one_cm":135813,"minecraft:crouch_one_cm":817,"minecraft:play_time":16487,"minecraft:deaths":8,"minecraft:sneak_time":265,"minecraft:walk_under_water_one_cm":7508,"minecraft:jump":270,"minecraft:damage_dealt_resisted":11156,"minecraft:leave_game":1,"minecraft:time_since_death":287,"minecraft:walk_on_water_one_cm":9707,"minecraft:total_world_time":16487,"minecraft:climb_one_cm":220,"minecraft:damage_resisted":657,"minecraft:fall_one_cm":8144},"minecraft:killed_by":{"jujutsucraft:choso":1,"jujutsucraft:cursed_spirit_grade_14":1,"jujutsucraft:cursed_spirit_grade_05":1,"jujutsucraft:cursed_spirit_grade_33":1,"jujutsucraft:kashimo_hajime":1,"jujutsucraft:cursed_spirit_grade_22":1,"jujutsucraft:okkotsu_yuta":1},"minecraft:used":{"jujutsucraft:sword_black":3,"jujutsucraft:hair_fushiguro_megumi_helmet":1,"minecraft:white_bed":1}},"DataVersion":3465}