{"stats":{"minecraft:killed":{"jujutsucraft:cursed_spirit_grade_39":1,"jujutsucraft:cursed_spirit_grade_31":1,"jujutsucraft:cursed_spirit_grade_317":3,"alexsmobs:lobster":2,"jujutsucraft:cursed_spirit_grade_314":1,"jujutsucraft:cursed_spirit_grade_318":6,"jujutsucraft:cursed_spirit_grade_315":3,"minecraft:turtle":4,"jujutsucraft:cursed_spirit_grade_310":1,"jujutsucraft:cursed_spirit_grade_36":2},"minecraft:used":{"jujutsucraft:sword_black":2,"minecraft:dirt":2,"minecraft:sand":4},"minecraft:custom":{"minecraft:time_since_rest":9401,"minecraft:sprint_one_cm":21503,"minecraft:play_time":13105,"minecraft:deaths":3,"minecraft:damage_taken":1252,"minecraft:walk_one_cm":28344,"minecraft:sneak_time":8,"minecraft:walk_under_water_one_cm":771,"minecraft:mob_kills":25,"minecraft:drop":2,"minecraft:jump":210,"minecraft:damage_dealt_resisted":2690,"minecraft:damage_dealt":196,"minecraft:leave_game":1,"minecraft:walk_on_water_one_cm":5759,"minecraft:time_since_death":9378,"minecraft:total_world_time":13105,"minecraft:damage_resisted":29,"minecraft:swim_one_cm":2575,"minecraft:fall_one_cm":4326,"minecraft:fly_one_cm":72950},"minecraft:mined":{"minecraft:grass_block":3,"minecraft:sand":7},"minecraft:picked_up":{"jujutsucraft:hair_fushiguro_megumi_helmet":2,"jujutsucraft:uniform_normal_leggings":2,"jujutsucraft:uniform_normal_boots":2,"jujutsucraft:sword_black":2,"minecraft:sand":7,"jujutsucraft:uniform_normal_chestplate":2,"minecraft:dirt":3,"alexsmobs:animal_dictionary":1},"minecraft:killed_by":{"jujutsucraft:cursed_spirit_grade_23":1,"minecraft:player":1,"jujutsucraft:cursed_spirit_grade_315":1},"minecraft:dropped":{"alexsmobs:animal_dictionary":2}},"DataVersion":3465}