{"stats":{"minecraft:dropped":{"minecraft:snow":2,"minecraft:dirt":2,"minecraft:vine":2,"jujutsucraft:uniform_normal_leggings":1,"alexsmobs:cockroach_wing_fragment":2,"alexsmobs:animal_dictionary":1,"minecraft:white_banner":2,"jujutsucraft:uniform_normal_boots":1,"minecraft:salmon":1,"jujutsucraft:uniform_normal_chestplate":1},"minecraft:killed":{"jujutsucraft:cursed_spirit_grade_32":1,"jujutsucraft:cursed_spirit_grade_39":7,"jujutsucraft:cursed_spirit_grade_31":2,"jujutsucraft:cursed_spirit_grade_314":7,"jujutsucraft:entity_scissors":8,"jujutsucraft:crow":6,"alexsmobs:cachalot_whale":1,"jujutsucraft:cursed_spirit_grade_311":1,"jujutsucraft:nue":1,"minecraft:salmon":30,"jujutsucraft:toad":2,"jujutsucraft:cursed_spirit_grade_36":9,"alexsmobs:comb_jelly":1,"jujutsucraft:tiger_funeral":2,"minecraft:bat":2,"jujutsucraft:cursed_spirit_grade_25":1,"alexsmobs:fly":8,"jujutsucraft:cursed_spirit_grade_35":2,"jujutsucraft:cursed_spirit_grade_38":1,"jujutsucraft:cursed_spirit_grade_26":1,"jujutsucraft:cursed_spirit_grade_317":3,"jujutsucraft:cursed_spirit_grade_34":10,"jujutsucraft:cursed_spirit_grade_318":4,"jujutsucraft:cursed_spirit_grade_315":2,"jujutsucraft:cursed_spirit_grade_316":2,"jujutsucraft:divine_dog_white":1,"minecraft:squid":2},"minecraft:mined":{"minecraft:light_gray_stained_glass_pane":2,"minecraft:grass_block":3,"minecraft:vine":1,"minecraft:dirt":7},"minecraft:picked_up":{"jujutsucraft:hair_fushiguro_megumi_helmet":2,"minecraft:splash_potion":3,"minecraft:birch_door":1,"minecraft:salmon":5,"minecraft:white_bed":1,"minecraft:vine":3,"minecraft:dirt":10,"minecraft:white_banner":2,"minecraft:snow":2,"alexsmobs:cockroach_wing_fragment":2,"jujutsucraft:sword_black":2,"alexsmobs:maggot":2},"minecraft:custom":{"minecraft:time_since_rest":1615,"minecraft:sprint_one_cm":60217,"minecraft:damage_taken":8139,"minecraft:walk_one_cm":152882,"minecraft:mob_kills":141,"minecraft:drop":15,"minecraft:damage_dealt":2939,"minecraft:swim_one_cm":10100,"minecraft:fly_one_cm":308828,"minecraft:crouch_one_cm":1663,"minecraft:play_time":40487,"minecraft:deaths":19,"minecraft:sneak_time":508,"minecraft:walk_under_water_one_cm":22908,"minecraft:jump":624,"minecraft:damage_dealt_resisted":39234,"minecraft:leave_game":1,"minecraft:time_since_death":1577,"minecraft:walk_on_water_one_cm":25162,"minecraft:total_world_time":40487,"minecraft:climb_one_cm":220,"minecraft:damage_resisted":5038,"minecraft:fall_one_cm":34578},"minecraft:used":{"jujutsucraft:sword_black":3,"jujutsucraft:hair_fushiguro_megumi_helmet":1,"minecraft:dirt":7,"minecraft:white_bed":1,"minecraft:splash_potion":3},"minecraft:killed_by":{"jujutsucraft:max_elephant":1,"jujutsucraft:choso":1,"jujutsucraft:cursed_spirit_grade_01":1,"jujutsucraft:mei_mei":1,"minecraft:player":4,"jujutsucraft:fushiguro_toji":1,"jujutsucraft:cursed_spirit_grade_14":1,"jujutsucraft:hanami":1,"jujutsucraft:fushiguro_toji_bug":1,"jujutsucraft:cursed_spirit_grade_05":1,"jujutsucraft:cursed_spirit_grade_33":1,"jujutsucraft:kashimo_hajime":1,"jujutsucraft:cursed_spirit_grade_22":2,"jujutsucraft:okkotsu_yuta":1}},"DataVersion":3465}