{"stats":{"minecraft:dropped":{"minecraft:vine":2,"jujutsucraft:uniform_normal_leggings":1,"alexsmobs:animal_dictionary":1,"minecraft:salmon":1,"jujutsucraft:uniform_normal_chestplate":1,"minecraft:snow":2,"minecraft:dirt":4,"minecraft:packed_ice":1,"minecraft:ice":6,"alexsmobs:cockroach_wing_fragment":2,"minecraft:mutton":1,"minecraft:snowball":4,"minecraft:redstone_torch":1,"minecraft:painting":1,"minecraft:white_banner":2,"jujutsucraft:uniform_normal_boots":1,"minecraft:redstone":2},"minecraft:killed":{"jujutsucraft:cursed_spirit_grade_32":1,"jujutsucraft:eight_handled_swrod_divergent_sila_divine_general_mahoraga":1,"jujutsucraft:cursed_spirit_grade_31":2,"jujutsucraft:cursed_spirit_grade_33":8,"jujutsucraft:nue":2,"jujutsucraft:cursed_spirit_grade_11":1,"naturalist:firefly":1,"minecraft:salmon":43,"jujutsucraft:tiger_funeral":2,"jujutsucraft:fushiguro_megumi_shibuya":1,"jujutsucraft:toad_2":1,"minecraft:bat":3,"jujutsucraft:cursed_spirit_grade_37":1,"jujutsucraft:cursed_spirit_grade_35":3,"jujutsucraft:cursed_spirit_grade_318":4,"jujutsucraft:cursed_spirit_grade_316":3,"jujutsucraft:cursed_spirit_grade_26":2,"minecraft:squid":2,"jujutsucraft:divine_dog_white":2,"jujutsucraft:zenin_naoya_cursed_spirit_1":1,"alexsmobs:orca":1,"jujutsucraft:cursed_spirit_grade_39":14,"jujutsucraft:cursed_spirit_grade_312":1,"jujutsucraft:cursed_spirit_grade_314":10,"jujutsucraft:entity_scissors":8,"jujutsucraft:kenjaku":1,"alexsmobs:cockroach":3,"jujutsucraft:cursed_spirit_grade_14":1,"jujutsucraft:crow":6,"alexsmobs:cachalot_whale":1,"jujutsucraft:cursed_spirit_grade_311":1,"jujutsucraft:cursed_spirit_grade_310":2,"jujutsucraft:divine_dog_black":1,"jujutsucraft:cursed_spirit_grade_15":1,"jujutsucraft:todo_aoi":1,"jujutsucraft:cursed_spirit_grade_16":1,"jujutsucraft:fushiguro_toji":1,"jujutsucraft:cursed_spirit_grade_17":1,"jujutsucraft:toad":2,"jujutsucraft:cursed_spirit_grade_36":17,"jujutsucraft:rabbit_escape":1,"alexsmobs:comb_jelly":10,"jujutsucraft:cursed_spirit_grade_23":1,"alexsmobs:fly":9,"jujutsucraft:cursed_spirit_grade_25":2,"jujutsucraft:cursed_spirit_grade_317":5,"jujutsucraft:cursed_spirit_grade_315":21,"jujutsucraft:cursed_spirit_grade_38":2,"jujutsucraft:cursed_spirit_grade_34":22,"jujutsucraft:zenin_naoya_cursed_spirit_2":1},"minecraft:mined":{"minecraft:light_gray_stained_glass_pane":2,"minecraft:grass_block":3,"minecraft:vine":1,"minecraft:dirt":15},"minecraft:picked_up":{"minecraft:birch_door":1,"minecraft:repeater":1,"minecraft:splash_potion":3,"minecraft:salmon":6,"minecraft:packed_ice":3,"minecraft:powder_snow_bucket":2,"minecraft:ice":32,"jujutsucraft:fester_life_blade":1,"minecraft:dirt":24,"minecraft:white_banner":2,"minecraft:snow":2,"jujutsucraft:sword_black":2,"alexsmobs:cockroach_wing_fragment":2,"minecraft:redstone_torch":2,"jujutsucraft:hair_fushiguro_megumi_helmet":2,"minecraft:ink_sac":1,"minecraft:white_bed":1,"minecraft:vine":3,"minecraft:redstone":8,"minecraft:painting":2,"alexsmobs:maggot":4,"minecraft:mutton":5,"minecraft:snowball":16},"minecraft:custom":{"minecraft:mob_kills":258,"minecraft:damage_dealt_resisted":321894,"minecraft:leave_game":1,"minecraft:time_since_death":260,"minecraft:climb_one_cm":220,"minecraft:damage_resisted":11297,"minecraft:time_since_rest":286,"minecraft:sprint_one_cm":63952,"minecraft:damage_absorbed":48,"minecraft:damage_taken":12253,"minecraft:walk_one_cm":165984,"minecraft:drop":33,"minecraft:damage_dealt":2939,"minecraft:damage_dealt_absorbed":40,"minecraft:swim_one_cm":12618,"minecraft:fly_one_cm":367008,"minecraft:crouch_one_cm":1781,"minecraft:play_time":52487,"minecraft:deaths":28,"minecraft:sneak_time":530,"minecraft:walk_under_water_one_cm":25108,"minecraft:jump":697,"minecraft:walk_on_water_one_cm":28406,"minecraft:total_world_time":52487,"minecraft:fall_one_cm":46951},"minecraft:used":{"jujutsucraft:sword_black":3,"minecraft:dirt":12,"minecraft:white_bed":1,"jujutsucraft:hair_fushiguro_megumi_helmet":1,"minecraft:splash_potion":3},"minecraft:killed_by":{"jujutsucraft:max_elephant":1,"jujutsucraft:choso":1,"jujutsucraft:cursed_spirit_grade_01":1,"minecraft:player":7,"jujutsucraft:zenin_ogi":1,"jujutsucraft:cursed_spirit_grade_14":1,"jujutsucraft:cursed_spirit_grade_05":1,"jujutsucraft:cursed_spirit_grade_33":1,"jujutsucraft:kashimo_hajime":1,"jujutsucraft:cursed_spirit_grade_22":2,"jujutsucraft:mei_mei":1,"jujutsucraft:fushiguro_toji":2,"jujutsucraft:hanami":1,"jujutsucraft:fushiguro_toji_bug":4,"jujutsucraft:eight_handled_swrod_divergent_sila_divine_general_mahoraga":1,"jujutsucraft:okkotsu_yuta":1}},"DataVersion":3465}