{"stats":{"minecraft:killed":{"jujutsucraft:cursed_spirit_grade_32":3,"jujutsucraft:cursed_spirit_grade_39":5,"jujutsucraft:cursed_spirit_grade_31":1,"jujutsucraft:cursed_spirit_grade_33":2,"jujutsucraft:cursed_spirit_grade_313":1,"alexsmobs:lobster":5,"jujutsucraft:cursed_spirit_grade_314":2,"jujutsucraft:cursed_spirit_grade_310":1,"jujutsucraft:cursed_spirit_grade_36":5,"minecraft:rabbit":2,"alexsmobs:fly":1,"jujutsucraft:cursed_spirit_grade_34":1,"jujutsucraft:cursed_spirit_grade_38":2,"jujutsucraft:cursed_spirit_grade_318":6,"jujutsucraft:cursed_spirit_grade_317":8,"jujutsucraft:cursed_spirit_grade_315":4,"minecraft:turtle":5},"minecraft:used":{"jujutsucraft:sword_black":2,"minecraft:dirt":5,"minecraft:sand":7},"minecraft:custom":{"minecraft:time_since_rest":21401,"minecraft:sprint_one_cm":43576,"minecraft:damage_taken":1831,"minecraft:walk_one_cm":51484,"minecraft:mob_kills":56,"minecraft:drop":2,"minecraft:damage_dealt":272,"minecraft:swim_one_cm":2575,"minecraft:fly_one_cm":123669,"minecraft:play_time":25105,"minecraft:deaths":3,"minecraft:sneak_time":8,"minecraft:walk_under_water_one_cm":771,"minecraft:damage_dealt_resisted":4584,"minecraft:jump":355,"minecraft:leave_game":1,"minecraft:time_since_death":21378,"minecraft:walk_on_water_one_cm":6363,"minecraft:total_world_time":25105,"minecraft:damage_resisted":174,"minecraft:fall_one_cm":8632},"minecraft:mined":{"minecraft:grass_block":3,"minecraft:sand":10,"minecraft:dirt":2},"minecraft:picked_up":{"jujutsucraft:hair_fushiguro_megumi_helmet":2,"jujutsucraft:uniform_normal_boots":2,"minecraft:sand":10,"jujutsucraft:uniform_normal_chestplate":2,"alexsmobs:animal_dictionary":1,"minecraft:dirt":5,"jujutsucraft:uniform_normal_leggings":2,"jujutsucraft:sword_black":2},"minecraft:killed_by":{"minecraft:player":1,"jujutsucraft:cursed_spirit_grade_315":1,"jujutsucraft:cursed_spirit_grade_23":1},"minecraft:dropped":{"alexsmobs:animal_dictionary":2}},"DataVersion":3465}