{"stats":{"minecraft:killed":{"jujutsucraft:cursed_spirit_grade_315":1},"minecraft:custom":{"minecraft:time_since_rest":1241,"minecraft:play_time":2275,"minecraft:sprint_one_cm":3865,"minecraft:walk_one_cm":5829,"minecraft:damage_taken":380,"minecraft:deaths":1,"minecraft:mob_kills":1,"minecraft:drop":2,"minecraft:damage_dealt_resisted":131,"minecraft:jump":42,"minecraft:damage_dealt":49,"minecraft:leave_game":1,"minecraft:time_since_death":1171,"minecraft:walk_on_water_one_cm":1586,"minecraft:total_world_time":2275,"minecraft:fall_one_cm":1033,"minecraft:fly_one_cm":14720},"minecraft:picked_up":{"jujutsucraft:hair_fushiguro_megumi_helmet":1,"jujutsucraft:uniform_normal_leggings":1,"jujutsucraft:uniform_normal_boots":1,"jujutsucraft:sword_black":1,"jujutsucraft:uniform_normal_chestplate":1,"alexsmobs:animal_dictionary":1},"minecraft:killed_by":{"jujutsucraft:cursed_spirit_grade_315":1},"minecraft:dropped":{"alexsmobs:animal_dictionary":2}},"DataVersion":3465}