{"stats":{"minecraft:dropped":{"minecraft:snow":2,"minecraft:dirt":2,"minecraft:vine":2,"jujutsucraft:uniform_normal_leggings":1,"alexsmobs:cockroach_wing_fragment":1,"alexsmobs:animal_dictionary":1,"minecraft:white_banner":2,"jujutsucraft:uniform_normal_boots":1,"jujutsucraft:uniform_normal_chestplate":1},"minecraft:killed":{"jujutsucraft:cursed_spirit_grade_32":1,"jujutsucraft:cursed_spirit_grade_39":5,"jujutsucraft:cursed_spirit_grade_31":2,"jujutsucraft:cursed_spirit_grade_314":6,"jujutsucraft:entity_scissors":8,"alexsmobs:cachalot_whale":1,"jujutsucraft:cursed_spirit_grade_311":1,"jujutsucraft:nue":1,"minecraft:salmon":29,"jujutsucraft:toad":2,"jujutsucraft:cursed_spirit_grade_36":6,"alexsmobs:comb_jelly":1,"jujutsucraft:tiger_funeral":1,"minecraft:bat":1,"jujutsucraft:cursed_spirit_grade_25":1,"alexsmobs:fly":5,"jujutsucraft:cursed_spirit_grade_35":2,"jujutsucraft:cursed_spirit_grade_26":1,"jujutsucraft:cursed_spirit_grade_317":2,"jujutsucraft:cursed_spirit_grade_34":8,"jujutsucraft:cursed_spirit_grade_318":4,"jujutsucraft:cursed_spirit_grade_315":1,"jujutsucraft:cursed_spirit_grade_316":1,"minecraft:squid":1},"minecraft:mined":{"minecraft:light_gray_stained_glass_pane":2,"minecraft:grass_block":3,"minecraft:vine":1,"minecraft:dirt":7},"minecraft:picked_up":{"jujutsucraft:hair_fushiguro_megumi_helmet":2,"minecraft:birch_door":1,"minecraft:salmon":4,"minecraft:white_bed":1,"minecraft:vine":2,"minecraft:dirt":10,"minecraft:white_banner":2,"minecraft:snow":2,"alexsmobs:cockroach_wing_fragment":1,"jujutsucraft:sword_black":2},"minecraft:custom":{"minecraft:time_since_rest":5387,"minecraft:sprint_one_cm":48375,"minecraft:damage_taken":4959,"minecraft:walk_one_cm":102486,"minecraft:mob_kills":103,"minecraft:drop":13,"minecraft:damage_dealt":1137,"minecraft:swim_one_cm":9185,"minecraft:fly_one_cm":224736,"minecraft:crouch_one_cm":1654,"minecraft:play_time":28487,"minecraft:deaths":12,"minecraft:sneak_time":489,"minecraft:walk_under_water_one_cm":19539,"minecraft:jump":456,"minecraft:damage_dealt_resisted":24604,"minecraft:leave_game":1,"minecraft:time_since_death":5350,"minecraft:walk_on_water_one_cm":18086,"minecraft:total_world_time":28487,"minecraft:climb_one_cm":220,"minecraft:damage_resisted":1697,"minecraft:fall_one_cm":19427},"minecraft:used":{"jujutsucraft:sword_black":3,"jujutsucraft:hair_fushiguro_megumi_helmet":1,"minecraft:dirt":7,"minecraft:white_bed":1},"minecraft:killed_by":{"jujutsucraft:max_elephant":1,"jujutsucraft:choso":1,"jujutsucraft:cursed_spirit_grade_01":1,"minecraft:player":1,"jujutsucraft:cursed_spirit_grade_14":1,"jujutsucraft:fushiguro_toji_bug":1,"jujutsucraft:cursed_spirit_grade_05":1,"jujutsucraft:cursed_spirit_grade_33":1,"jujutsucraft:kashimo_hajime":1,"jujutsucraft:cursed_spirit_grade_22":1,"jujutsucraft:okkotsu_yuta":1}},"DataVersion":3465}